ID,CURRENCY,SOURCE,DATE_CREATED,THREE_D_RESOURCE,DATE_LAST_MODIFIED,EXTERNAL_ID,EXTERNAL_URL,SOURCE_CATEGORY,THREE_D_ENABLED,SPECIAL_COMMISSION_RATE,TOTAL_SALES,NAME,VISIBLE,VENDOR,MERCHANT_ID,TYPE,AVAILABLE,DESCRIPTION,MAX_PRICE,SELLER,MIN_PRICE,STATUS,PRODUCT_ID,COMMISSION_RATE,TAGS,PUBLISHING_STATUS,_FIVETRAN_DELETED,_FIVETRAN_SYNCED
10109,USD,1,2018-08-15T15:56:39Z,,2022-11-14T03:13:31Z,1525141962870,https://violet-besties.myshopify.com/products/yuneec-typhoon-h-hexacopter-pro-with-intel®-realsense™-technology-gun-metal-gray,Unmanned_Aerial_Vehicles,FALSE,,0,YUNEEC - Typhoon H Hexacopter Pro with Intel® RealSense™ Technology - Gun Metal Gray,TRUE,YUNEEC,10000,,TRUE,"Intel® RealSense™ technology; integrated autonomous flight modes; 4K UHD 30fps, HD 1080p 120fps video; 3-axis anti-vibration camera; Retractable landing gear",119999,Besties,119999,1,68fa3b1da58345b698ab39cf0423b266,15,"camera drones,drones,drones & drone accessories,toys & collectibles",1,FALSE,2023-03-10T10:33:25.82Z
10104,USD,1,2018-08-15T15:56:39Z,,2022-11-14T03:13:31Z,1525152907382,https://violet-besties.myshopify.com/products/wingsland-mini-racing-drone-orange,Unmanned_Aerial_Vehicles,FALSE,,0,Wingsland - Mini Racing Drone - Orange,TRUE,Wingsland,10000,,TRUE,720p HD video resolution,12999,Besties,12999,1,eb67017f1d0c47fa8a8843e9f89e0e98,15,"camera drones,drones,drones & drone accessories,toys & collectibles",1,FALSE,2023-03-10T10:33:25.82Z
10108,USD,1,2018-08-15T15:56:39Z,,2022-11-14T03:13:31Z,1525140783222,https://violet-besties.myshopify.com/products/yuneec-typhoon-h-hexacopter-black,Unmanned_Aerial_Vehicles,FALSE,,0,YUNEEC - Typhoon H Hexacopter - Black,TRUE,YUNEEC,10000,,TRUE,"Integrated autonomous flight modes; 4K UHD 30fps, HD 1080p 120fps video; 3-axis anti-vibration camera; Retractable landing gear;",77299,Besties,77299,1,afe82b4947004a0aa7020f7076776869,15,"camera drones,drones,drones & drone accessories,toys & collectibles",1,FALSE,2023-03-10T10:33:25.82Z
10100,USD,1,2018-08-15T15:56:39Z,,2022-11-14T03:13:31Z,1525068497014,https://violet-besties.myshopify.com/products/vizio-55-class-led-m-series-2160p-smart-4k-uhd-tv-with-hdr,Televisions,FALSE,,0,VIZIO - 55 Class - LED - M Series - 2160p - Smart - 4K UHD TV with HDR,TRUE,VIZIO,10000,,TRUE,"2160p (4K) resolution with HDRSmart TV, SmartCastClear Action 360",69999,Besties,69999,1,f823c5cb221d4f1ca6aab4227cf23c3f,15,"all flat-screen tvs,tv & home theater,tvs",1,FALSE,2023-03-10T10:33:25.82Z
10106,USD,1,2018-08-15T15:56:39Z,,2022-11-14T03:13:31Z,1525143109750,https://violet-besties.myshopify.com/products/yuneec-breeze-quadcopter-white,Unmanned_Aerial_Vehicles,FALSE,,0,YUNEEC - Breeze Quadcopter - White,TRUE,YUNEEC,10000,,TRUE,"Follow me mode, journey mode, orbit mode, pilot mode, selfie mode, indoor positioning system; built-in camera captures 4K video &amp; 13MP photo; flying range up to 262.5 ft",16999,Besties,16999,1,86239bc77a91444688f938cd158c4f2b,15,"camera drones,drones,drones & drone accessories,toys & collectibles",1,FALSE,2023-03-10T10:33:25.82Z
10102,USD,1,2018-08-15T15:56:39Z,,2022-11-14T03:13:31Z,1525068726390,https://violet-besties.myshopify.com/products/vizio-65-class-led-m-series-2160p-smart-4k-uhd-tv-with-hdr,Televisions,FALSE,,0,VIZIO - 65 Class - LED - M Series - 2160p - Smart - 4K UHD TV with HDR,TRUE,VIZIO,10000,,TRUE,"2160p (4K) resolution with HDRChromecast Built-in, SmartCastClear Action 360",99999,Besties,99999,1,a4b9ba3fbc8e466a9655e312dd77ae2c,15,"all flat-screen tvs,tv & home theater,tvs",1,FALSE,2023-03-10T10:33:25.82Z
10107,USD,1,2018-08-15T15:56:39Z,,2022-11-14T03:13:31Z,1525140488310,https://violet-besties.myshopify.com/products/yuneec-typhoon-4k-quadcopter-black,Unmanned_Aerial_Vehicles,FALSE,,0,YUNEEC - Typhoon 4K Quadcopter - Black,TRUE,YUNEEC,10000,,TRUE,YUNEEC Typhoon 4K Quadcopter: Multidirectional controls; 3-axis precision gimbal camera; 4K Ultra HD video resolution; 2.4GHz ST10+ Ground Station controller with built-in touch screen,59999,Besties,59999,1,c11c99ac233f41a9a39cd4e118836526,15,"camera drones,drones,drones & drone accessories,toys & collectibles",1,FALSE,2023-03-10T10:33:25.82Z
10101,USD,1,2018-08-15T15:56:39Z,,2022-11-14T03:13:31Z,1525064794230,https://violet-besties.myshopify.com/products/vizio-55-class-led-p-series-2160p-smart-4k-uhd-tv-with-hdr,Televisions,FALSE,,0,VIZIO - 55 Class - LED - P-Series - 2160p - Smart - 4K UHD TV with HDR,TRUE,VIZIO,10000,,TRUE,"2160p (4K) resolution with HDRSmart TV, SmartCastClear Action 720",79999,Besties,79999,1,655b8ae4a8f440f39704f3d2f9b24378,15,"all flat-screen tvs,tv & home theater,tvs",1,FALSE,2023-03-10T10:33:25.82Z
10103,USD,1,2018-08-15T15:56:39Z,,2022-11-14T03:13:31Z,1525065121910,https://violet-besties.myshopify.com/products/vizio-65-class-led-p-series-2160p-smart-4k-uhd-tv-with-hdr,Televisions,FALSE,,0,VIZIO - 65 Class - LED - P-Series - 2160p - Smart - 4K UHD TV with HDR,TRUE,VIZIO,10000,,TRUE,"2160p (4K) resolution with HDRChromecast Built-in, SmartCastClear Action 720",119999,Besties,119999,1,f84ef822e1e142be9fa73452974b15e1,15,"all flat-screen tvs,tv & home theater,tvs",1,FALSE,2023-03-10T10:33:25.82Z
10105,USD,1,2018-08-15T15:56:39Z,,2022-11-14T03:13:31Z,1525146124406,https://violet-besties.myshopify.com/products/wingsland-s6-quadcopter-orange,Unmanned_Aerial_Vehicles,FALSE,,0,Wingsland - S6 Quadcopter - Orange,TRUE,Wingsland,10000,,TRUE,"Follow Me, Return-To-Home modes; 4K up to 30fps video recording; 480p or 720p live streaming",29999,Besties,29999,1,7f433ceba75346be918edf1a29fe4984,15,"camera drones,drones,drones & drone accessories,toys & collectibles",1,FALSE,2023-03-10T10:33:25.82Z
10099,USD,1,2018-08-15T15:56:38Z,,2022-11-14T03:13:36Z,1525064499318,https://violet-besties.myshopify.com/products/vizio-39-class-led-d-series-1080p-smart-hdtv,Televisions,FALSE,,0,VIZIO - 39 Class - LED - D-Series - 1080p - Smart - HDTV,TRUE,VIZIO,10000,,TRUE,"1080p (Full HD) resolutionSmart TV, SmartCast120Hz refresh rate",24999,Besties,24999,1,2daa11d6eb004a2ca086acf36c077661,15,"all flat-screen tvs,tv & home theater,tvs",1,FALSE,2023-03-10T10:33:25.82Z
10098,USD,1,2018-08-15T15:56:38Z,,2022-11-14T03:13:36Z,1525063909494,https://violet-besties.myshopify.com/products/toshiba-55-class-led-2160p-smart-4k-uhd-tv-with-hdr-fire-tv-edition,Televisions,FALSE,,0,Toshiba - 55” Class – LED - 2160p – Smart - 4K UHD TV with HDR – Fire TV Edition,TRUE,Toshiba,10000,,TRUE,Fire TV experience built-inVoice Remote with Alexa4K Ultra HD picture qualityIntegrated streaming and live TVControl smart home devices,47999,Besties,47999,1,139bdedd1c8640129d149a8d62511bd1,15,"all flat-screen tvs,tv & home theater,tvs",1,FALSE,2023-03-10T10:33:25.82Z
10088,USD,1,2018-08-15T15:56:37Z,,2022-11-14T03:13:34Z,1525068202102,https://violet-besties.myshopify.com/products/rylo-360-degree-video-camera,Camcorders,FALSE,,0,Rylo - 360 Degree Video Camera,TRUE,Rylo,10000,,TRUE,360° video capable2x digital zoomCinematic stabilization4K Ultra HD video at 30 fps18.0MP digital still6K panorama photo capture,49999,Besties,49999,1,afdfd053ddab4c378e5caff745a066ee,15,"action camcorders,camcorders,cameras & camcorders",1,FALSE,2023-03-10T10:33:25.82Z
10091,USD,1,2018-08-15T15:56:37Z,,2022-11-14T03:13:34Z,1525068824694,https://violet-besties.myshopify.com/products/samsung-refurbished-ubd-m7500-streaming-4k-ultra-hd-blu-ray-player-black,DVD_and_Blu_Ray_Players,FALSE,,0,Samsung - Refurbished UBD-M7500 - Streaming 4K Ultra HD Blu-Ray Player - Black,TRUE,Samsung,10000,,TRUE,"Refurbished4K Ultra HD4K UpscalingSmart HubPlays DVD-R, DVD+RW, DVD-RW, DVD+R, DVD, CD, BD-R and Blu-ray Disc",17999,Besties,17999,1,f4fddfd2c81d40d28053f5fa11b071ad,15,"blu-ray & dvd players,blu-ray players,streaming blu-ray players,tv & home theater",1,FALSE,2023-03-10T10:33:25.82Z
10093,USD,1,2018-08-15T15:56:37Z,,2022-11-14T03:13:36Z,1525062991990,https://violet-besties.myshopify.com/products/sharp-50-class-led-1080p-smart-hdtv-roku-tv,Televisions,FALSE,,0,Sharp - 50 Class - LED - 1080p - Smart - HDTV Roku TV,TRUE,Sharp,10000,,TRUE,"Only at Best Buy
 1080p (Full HD) resolutionSmart TV, Built-in Roku smart platform60Hz refresh rate",34999,Besties,34999,1,eafc399f81da4edfb16e469ec9c23416,15,"all flat-screen tvs,tv & home theater,tvs",1,FALSE,2023-03-10T10:33:25.82Z
10094,USD,1,2018-08-15T15:56:37Z,,2022-11-14T03:13:36Z,1525066793078,https://violet-besties.myshopify.com/products/sony-70-class-led-x830f-series-2160p-smart-4k-uhd-tv-with-hdr,Televisions,FALSE,,0,Sony - 70 Class - LED - X830F Series - 2160p - Smart - 4K UHD TV with HDR,TRUE,Sony,10000,,TRUE,"2160p (4K) resolution with HDRSmart TV, Android TVMotionflow XR 960",229999,Besties,229999,1,fcd40c8924be4c039e027b7265fe2b66,15,"all flat-screen tvs,tv & home theater,tvs",1,FALSE,2023-03-10T10:33:25.82Z
10089,USD,1,2018-08-15T15:56:37Z,,2022-11-14T03:13:31Z,1525152579702,https://violet-besties.myshopify.com/products/ryze-tello-quadcopter-white-and-black,Unmanned_Aerial_Vehicles,FALSE,,0,Ryze - Tello Quadcopter - White And Black,TRUE,Ryze,10000,,TRUE,"VR headset compatibility, DJI flight tech; built-in camera captures 720p HD video and 5.0MP photos; 328' range",9999,Besties,9999,1,73909d4172a64e0c8dfd31f8076eec75,15,"camera drones,drones,drones & drone accessories,toys & collectibles",1,FALSE,2023-03-10T10:33:25.82Z
10090,USD,1,2018-08-15T15:56:37Z,,2022-11-14T03:13:36Z,1525064204406,https://violet-besties.myshopify.com/products/samsung-32-class-led-m4500-series-720p-smart-hdtv,Televisions,FALSE,,0,Samsung - 32 Class - LED - M4500 Series - 720p - Smart - HDTV,TRUE,Samsung,10000,,TRUE,720p (HD) resolutionSmart TVMotion Rate 60,19999,Besties,19999,1,9422b2c0c41e40d1b30478df44f91f60,15,"all flat-screen tvs,tv & home theater,tvs",1,FALSE,2023-03-10T10:33:25.82Z
10096,USD,1,2018-08-15T15:56:37Z,,2022-11-14T03:13:36Z,1525063254134,https://violet-besties.myshopify.com/products/toshiba-43-class-led-2160p-smart-4k-uhd-tv-with-hdr-fire-tv-edition,Televisions,FALSE,,0,Toshiba - 43” Class – LED - 2160p – Smart - 4K UHD TV with HDR – Fire TV Edition,TRUE,Toshiba,10000,,TRUE,Fire TV experience built-inVoice Remote with Alexa4K Ultra HD picture qualityIntegrated streaming and live TVControl smart home devices,32999,Besties,32999,1,0435c8634eac438795e6cbc39bb6713d,15,"all flat-screen tvs,tv & home theater,tvs",1,FALSE,2023-03-10T10:33:25.82Z
10092,USD,1,2018-08-15T15:56:37Z,,2022-11-14T03:13:36Z,1525062729846,https://violet-besties.myshopify.com/products/sharp-43-class-led-1080p-smart-hdtv-roku-tv,Televisions,FALSE,,0,Sharp - 43 Class - LED - 1080p - Smart - HDTV Roku TV,TRUE,Sharp,10000,,TRUE,"Only at Best Buy
 1080p (Full HD) resolutionSmart TV, Built-in Roku smart platform60Hz refresh rate",29999,Besties,29999,1,2e525cb5cbe24f19911769383e3c7e1f,15,"all flat-screen tvs,tv & home theater,tvs",1,FALSE,2023-03-10T10:33:25.82Z
10087,USD,1,2018-08-15T15:56:37Z,,2022-11-14T03:13:33Z,1525146714230,https://violet-besties.myshopify.com/products/rova-selfie-drone-white,Unmanned_Aerial_Vehicles,FALSE,,0,Rova - Selfie Drone - White,TRUE,Rova,10000,,TRUE,"4-direction obstacle avoidance; built-in barometer, accelerometer, infrared distance module, optical flow and gyroscope; 1080p 60fps video; 360° panoramic video; 12.0MP photos; 16GB MicroSD card included; operating range up to 98 feet away",14999,Besties,14999,1,eb2f17fb6bee4c4e91cf83a957c4b006,15,"camera drones,drones,drones & drone accessories,toys & collectibles",1,FALSE,2023-03-10T10:33:25.82Z
10095,USD,1,2018-08-15T15:56:37Z,,2022-11-14T03:13:35Z,1525068103798,https://violet-besties.myshopify.com/products/sylvania-11-4-portable-blu-ray-player-black,DVD_and_Blu_Ray_Players,FALSE,,0,Sylvania - 11.4 Portable Blu-ray Player - Black,TRUE,Sylvania,10000,,TRUE,"Hi-ResPlays DVD, CD and more",19999,Besties,19999,1,0e8fefb760464dcd8ef8f2f97677b067,15,"blu-ray & dvd players,portable dvd players,portable dvd players & accessories,tv & home theater",1,FALSE,2023-03-10T10:33:25.82Z
10097,USD,1,2018-08-15T15:56:37Z,,2022-11-14T03:13:36Z,1525063647350,https://violet-besties.myshopify.com/products/toshiba-50-class-led-2160p-smart-4k-uhd-tv-with-hdr-fire-tv-edition,Televisions,FALSE,,0,Toshiba - 50” Class – LED - 2160p – Smart - 4K UHD TV with HDR – Fire TV Edition,TRUE,Toshiba,10000,,TRUE,Fire TV experience built-inVoice Remote with Alexa4K Ultra HD picture qualityIntegrated streaming and live TVControl smart home devices,39999,Besties,39999,1,f8f4608aecb5488abad772d94971353d,15,"all flat-screen tvs,tv & home theater,tvs",1,FALSE,2023-03-10T10:33:25.82Z
10084,USD,1,2018-08-15T15:56:36Z,,2022-11-14T03:13:33Z,1525146419318,https://violet-besties.myshopify.com/products/rova-selfie-drone-black,Unmanned_Aerial_Vehicles,FALSE,,0,Rova - Selfie Drone - Black,TRUE,Rova,10000,,TRUE,"4-direction obstacle avoidance; built-in barometer, accelerometer, infrared distance module, optical flow and gyroscope; 1080p 60fps video; 360° panoramic video; 12.0MP photos; 16GB MicroSD card included; operating range up to 98 feet away",10399,Besties,10399,1,d5f75772d9104f5398f9f95c28655fcc,15,"camera drones,drones,drones & drone accessories,toys & collectibles",1,FALSE,2023-03-10T10:33:25.82Z
10085,USD,1,2018-08-15T15:56:36Z,,2022-11-14T03:13:33Z,1525147172982,https://violet-besties.myshopify.com/products/rova-selfie-drone-blue,Unmanned_Aerial_Vehicles,FALSE,,0,Rova - Selfie Drone - Blue,TRUE,Rova,10000,,TRUE,"4-direction obstacle avoidance; built-in barometer, accelerometer, infrared distance module, optical flow and gyroscope; 1080p 60fps video; 360° panoramic video; 12.0MP photos; 16GB MicroSD card included; operating range up to 98 feet away",14999,Besties,14999,1,36550a4551f74032a7d22299c474a5c7,15,"camera drones,drones,drones & drone accessories,toys & collectibles",1,FALSE,2023-03-10T10:33:25.82Z
10083,USD,1,2018-08-15T15:56:36Z,,2022-11-14T03:13:31Z,1525150515318,https://violet-besties.myshopify.com/products/rova-airselfie-drone-silver,Unmanned_Aerial_Vehicles,FALSE,,0,Rova - AirSelfie Drone - Silver,TRUE,Rova,10000,,TRUE,Pocket-size and lightweight; 1080p 30fps video; 5MP photos; operating range up to 60 feet,29999,Besties,29999,1,7e0d6d4664434113894dea733947632f,15,"camera drones,drones,drones & drone accessories,toys & collectibles",1,FALSE,2023-03-10T10:33:25.82Z
10081,USD,1,2018-08-15T15:56:36Z,,2022-11-14T03:13:33Z,1525146550390,https://violet-besties.myshopify.com/products/protocol-kaptur-gps-drone-with-remote-controller-white-black,Unmanned_Aerial_Vehicles,FALSE,,0,Protocol - Kaptur GPS Drone with Remote Controller - White/Black,TRUE,Protocol,10000,,TRUE,Auto launch/hover/land; three speeds; records and live streams video at 720p; first-person view with included 3D VR Headset; operating range up to 492 feet; controller included,17999,Besties,17999,1,f4232b7414af4ea4a13a811063c7d4b5,15,"camera drones,drones,drones & drone accessories,toys & collectibles",1,FALSE,2023-03-10T10:33:25.819Z
10082,USD,1,2018-08-15T15:56:36Z,,2022-11-14T03:13:34Z,1525069021302,https://violet-besties.myshopify.com/products/razor-electric-scooter-gunmetal,Scooters,FALSE,,0,Razor - Electric Scooter - Gunmetal,TRUE,Razor,10000,,TRUE,Reaches speeds up to 14.9 mph36V lithium-ion batteryWeight: 21.61 lbsMax Rider Weight: 176.4 lbsFor ages 14 and up,36999,Besties,36999,1,7d6508e918ee4d0197d0ce9c4080505a,15,"drones,rideables,scooters,toys & collectibles",1,FALSE,2023-03-10T10:33:25.82Z
10086,USD,1,2018-08-15T15:56:36Z,,2022-11-14T03:13:33Z,1525146943606,https://violet-besties.myshopify.com/products/rova-selfie-drone-red,Unmanned_Aerial_Vehicles,FALSE,,0,Rova - Selfie Drone - Red,TRUE,Rova,10000,,TRUE,"4-direction obstacle avoidance; built-in barometer, accelerometer, infrared distance module, optical flow and gyroscope; 1080p 60fps video; 360° panoramic video; 12.0MP photos; 16GB MicroSD card included; operating range up to 98 feet away",14999,Besties,14999,1,0f6760eb548242428d51c47bca9f27cf,15,"camera drones,drones,drones & drone accessories,toys & collectibles",1,FALSE,2023-03-10T10:33:25.82Z
10080,USD,1,2018-08-15T15:56:36Z,,2022-11-14T03:13:31Z,1525149466742,https://violet-besties.myshopify.com/products/parrot-power-pack-fpv-drone-with-parrot-skycontroller-2-black,Unmanned_Aerial_Vehicles,FALSE,,0,Parrot - Power Pack FPV Drone with Parrot Skycontroller 2 - Black,TRUE,Parrot,10000,,TRUE,HD 1080p 30fps video; 14MP photos; Parrot Skycontroller 2 included,59999,Besties,59999,1,08d4897890034d52b665f469db9a8683,15,"camera drones,drones,drones & drone accessories,toys & collectibles",1,FALSE,2023-03-10T10:33:25.741Z
10078,USD,1,2018-08-15T15:56:33Z,,2022-11-14T03:13:34Z,1525142454390,https://violet-besties.myshopify.com/products/parrot-bebop-2-quadcopter-with-skycontroller-2-and-cockpit-fpv-glasses-white,Unmanned_Aerial_Vehicles,FALSE,,0,Parrot - Bebop 2 Quadcopter with Skycontroller 2 and Cockpit FPV Glasses - White,TRUE,Parrot,10000,,TRUE,14-megapixel CMOS sensor; 180° fisheye lens; 3-axis image stabilization; 1080p 30fps videos; 4096 x 3072 photos; 8GB internal memory; Wi-Fi; Indoor and outdoor; 1.24 miles operating range; Remote control via Skycontroller 2 or Apple iOS and Android devices; Multidirectional controls,29999,Besties,29999,1,5b8a0e958d1743739a634d0168dd7b0d,15,"camera drones,drones,drones & drone accessories,toys & collectibles",1,FALSE,2023-03-10T10:33:25.741Z
10076,USD,1,2018-08-15T15:56:33Z,,2022-11-14T03:13:36Z,1525067382902,https://violet-besties.myshopify.com/products/lg-75-class-led-uk6570pub-series-2160p-smart-4k-uhd-tv-with-hdr,Televisions,FALSE,,0,LG - 75 Class - LED - UK6570PUB Series - 2160p - Smart - 4K UHD TV with HDR,TRUE,LG,10000,,TRUE,"2160p (4K) resolution with HDRSmart TV, webOS, LG ThinQ AITruMotion 120",179999,Besties,179999,1,81b20508febe4d8bae5f30e4364ab3c4,15,"all flat-screen tvs,tv & home theater,tvs",1,FALSE,2023-03-10T10:33:25.741Z
10077,USD,1,2018-08-15T15:56:33Z,,2022-11-14T03:13:35Z,1525067972726,https://violet-besties.myshopify.com/products/parrot-anafi-quadcopter-with-remote-controller-black,Unmanned_Aerial_Vehicles,FALSE,,0,Parrot - ANAFI Quadcopter with Remote Controller - Black,TRUE,Parrot,10000,,TRUE,Records video at 3840 x 2160 pixels; 2 miles operating range; 21MP photos,69999,Besties,69999,1,9bc6159d4f4d4b64bb495f7f158e6259,15,"camera drones,drones,drones & drone accessories,toys & collectibles",1,FALSE,2023-03-10T10:33:25.741Z
10079,USD,1,2018-08-15T15:56:33Z,,2022-11-14T03:13:34Z,1525141700726,https://violet-besties.myshopify.com/products/parrot-bebop-drone-2-quadcopter-white,Unmanned_Aerial_Vehicles,FALSE,,0,Parrot - Bebop Drone 2 Quadcopter - White,TRUE,Parrot,10000,,TRUE,14 megapixel CMOS sensor; 180° fisheye lens; 3-axis image stabilization; 1080p 30fps videos; 4096 x 3072 photos; 8GB internal memory; Wi-Fi; 984 ft operating range; 25 minutes of flight time; remote control via Apple iOS and Android devices,39999,Besties,39999,1,c1e106f51af74fceab8c7b3123a3f21b,15,"camera drones,drones,drones & drone accessories,toys & collectibles",1,FALSE,2023-03-10T10:33:25.741Z
10071,USD,1,2018-08-15T15:56:32Z,,2023-03-15T06:35:06Z,1983063949430,https://violet-besties.myshopify.com/products/kaws-figuring,,FALSE,,0,Kaws Figuring,TRUE,Kaws,10000,0,TRUE,This is a flat sample product.,1999,Besties,1999,1,f9539ded326640408c3dea9ac8681516,15,,1,FALSE,2023-03-15T08:56:23.172Z
10070,USD,1,2018-08-15T15:56:32Z,,2022-11-14T03:13:36Z,1525066989686,https://violet-besties.myshopify.com/products/jetson-phantom-jetkart-black,Scooters,FALSE,,0,Jetson - Phantom JetKart - Black,TRUE,Jetson,10000,,TRUE,"Up to 9 mph speedUp to 12 miles range30.3 lbs product weight220 lb weight limitLED lights",24999,Besties,24999,1,23d786d10fac459cb4c88ffb0f6548c6,15,"bikes & boards,electric scooters,fitness & beauty,health,self-balancing scooters,sports & outdoor recreation",1,FALSE,2023-03-10T10:33:25.74Z
10066,USD,1,2018-08-15T15:56:32Z,,2022-11-14T03:13:36Z,1525062598774,https://violet-besties.myshopify.com/products/hover-1-electric-scooter-black,Scooters,FALSE,,0,Hover-1 - Electric Scooter - Black,TRUE,Hover-1,10000,,TRUE,Reaches speeds up to 13 mphWeight: 21.16 lbsMax Rider Weight: 250 lbs,24999,Besties,24999,1,b830678f51a24e538ae92f83c7414b8b,15,"bikes & boards,electric scooters,fitness & beauty,health,sports & outdoor recreation",1,FALSE,2023-03-10T10:33:25.74Z
10074,USD,1,2018-08-15T15:56:32Z,,2022-11-14T03:13:36Z,1525066268790,https://violet-besties.myshopify.com/products/lg-55-class-led-2160p-smart-4k-uhd-tv-with-hdr,Televisions,FALSE,,0,LG - 55 Class - LED - 2160p - Smart - 4K UHD TV with HDR,TRUE,LG,10000,,TRUE,"2160p (4K) resolution with HDRSmart TV, webOS, LG ThinQ AITruMotion 120",59999,Besties,59999,1,c5557e2d64254aae89a00ff358d10a51,15,"all flat-screen tvs,tv & home theater,tvs",1,FALSE,2023-03-10T10:33:25.74Z
10073,USD,1,2018-08-15T15:56:32Z,,2022-11-14T03:13:36Z,1525066072182,https://violet-besties.myshopify.com/products/lg-43-class-led-uk6300-series-2160p-smart-4k-uhd-tv-with-hdr,Televisions,FALSE,,0,LG - 43 Class - LED - UK6300 Series - 2160p - Smart - 4K UHD TV with HDR,TRUE,LG,10000,,TRUE,"2160p (4K) resolution with HDRSmart TV, webOS, LG ThinQ AITruMotion 120",34999,Besties,34999,1,f2e379e8cd7a4525b7c7518c05abad49,15,"all flat-screen tvs,tv & home theater,tvs",1,FALSE,2023-03-10T10:33:25.74Z
10068,USD,1,2018-08-15T15:56:32Z,,2022-11-14T03:13:36Z,1525065515126,https://violet-besties.myshopify.com/products/hover-1-self-balancing-scooter-gunmetal,Scooters,FALSE,,0,Hover-1 - Self-Balancing Scooter - Gunmetal,TRUE,Hover-1,10000,,TRUE,Reaches speeds up to 6.2 mph36V lithium-ion batteryWeight: 31.31 lbsMax Rider Weight: 264.6 lbsBuilt-in Bluetooth speaker,29999,Besties,29999,1,568b7b11974947f8b66f4626cb8581c4,15,"bikes & boards,electric scooters,fitness & beauty,health,self-balancing scooters,sports & outdoor recreation",1,FALSE,2023-03-10T10:33:25.74Z
10069,USD,1,2018-08-15T15:56:32Z,,2022-11-14T03:13:36Z,1525065384054,https://violet-besties.myshopify.com/products/hover-1-self-balancing-scooter-iridescent,Scooters,FALSE,,0,Hover-1 - Self-Balancing Scooter - Iridescent,TRUE,Hover-1,10000,,TRUE,Reaches speeds up to 10 mphHas a range up to 9 milesWeight: 22.05 lbsMax Rider Weight: 263.9 lbsBuilt-in Bluetooth speaker,24999,Besties,24999,1,570d700b321145399b2d8769fd430efa,15,"bikes & boards,electric scooters,fitness & beauty,health,self-balancing scooters,sports & outdoor recreation",1,FALSE,2023-03-10T10:33:25.74Z
10075,USD,1,2018-08-15T15:56:32Z,,2022-11-14T03:13:36Z,1525066727542,https://violet-besties.myshopify.com/products/lg-65-class-led-2160p-smart-4k-uhd-tv-with-hdr,Televisions,FALSE,,0,LG - 65 Class - LED - 2160p - Smart - 4K UHD TV with HDR,TRUE,LG,10000,,TRUE,"2160p (4K) resolution with HDRSmart TV, webOS, LG ThinQ AITruMotion 120",99999,Besties,99999,1,5b322636eafa4ffe84bc2cf844818ef3,15,"all flat-screen tvs,tv & home theater,tvs",1,FALSE,2023-03-10T10:33:25.74Z
10067,USD,1,2018-08-15T15:56:32Z,,2022-11-14T03:13:38Z,1525062402166,https://violet-besties.myshopify.com/products/hover-1-self-balancing-scooter-black,Scooters,FALSE,,0,Hover-1 - Self-Balancing Scooter - Black,TRUE,Hover-1,10000,,TRUE,Reaches speeds up to 9.3 mphHas a range up to 9.9 milesWeight: 24.47 lbsMax Rider Weight: 330.7 lbsBuilt-in Bluetooth speaker,27999,Besties,27999,1,136194406d444960903acc801574fc87,15,"bikes & boards,electric scooters,fitness & beauty,health,self-balancing scooters,sports & outdoor recreation",1,FALSE,2023-03-10T10:33:25.74Z
10065,USD,1,2018-08-15T15:56:32Z,,2022-11-14T03:13:36Z,1525067612278,https://violet-besties.myshopify.com/products/hisense-55-class-led-h6-series-2160p-smart-4k-uhd-tv-with-hdr,Televisions,FALSE,,0,Hisense - 55 Class - LED - H6 Series - 2160p - Smart - 4K UHD TV with HDR,TRUE,Hisense,10000,,TRUE,2160p (4K) resolution with HDR4K upscalingSmart TVMotion rate 120,44999,Besties,44999,1,a0d49b0bdd364b8c877da4fc58847032,15,"all flat-screen tvs,tv & home theater,tvs",1,FALSE,2023-03-10T10:33:25.74Z
10072,USD,1,2018-08-15T15:56:32Z,,2022-11-14T03:13:36Z,1525065842806,https://violet-besties.myshopify.com/products/lg-32-class-led-720p-smart-hdtv,Televisions,FALSE,,0,LG - 32 Class - LED - 720p - Smart - HDTV,TRUE,LG,10000,,TRUE,"720p (HD) resolutionSmart TV, webOS",19999,Besties,19999,1,04f62fccd7bd4c429d70c8acd80b80fe,15,"all flat-screen tvs,tv & home theater,tvs",1,FALSE,2023-03-10T10:33:25.74Z
10061,USD,1,2018-08-15T15:56:31Z,,2022-11-14T03:13:34Z,1525141373046,https://violet-besties.myshopify.com/products/ehang-ghostdrone-2-0-vr-drone-apple-ios-compartible-white-blue,Unmanned_Aerial_Vehicles,FALSE,,0,EHANG - Ghostdrone 2.0 VR Drone (Apple iOS Compartible) - White/Blue,TRUE,EHANG,10000,,TRUE,"Head-tracking EHANG VR Googles; no training needed; built-in camera captures 4K video and 12.M photo; up to 3,280 feet operating range; remote control via Apple iOS devices; EHANG Play App",89999,Besties,89999,1,d8722bb1f27d4eab81506861b18fc76e,15,"camera drones,drones,drones & drone accessories,toys & collectibles",1,FALSE,2023-03-10T10:33:25.74Z
10063,USD,1,2018-08-15T15:56:31Z,,2022-11-14T03:13:34Z,1525144223862,https://violet-besties.myshopify.com/products/gopro-karma-quadcopter-with-hero5-black-black-white,Unmanned_Aerial_Vehicles,FALSE,,0,GoPro - Karma Quadcopter with HERO5 Black - Black/White,TRUE,GoPro,10000,,TRUE,Ultra portable; includes GoPro HERO5 Black and detachable camera stabilizer; 4K video &amp; 12MP photo; flying range up to 3280 ft; game-style controller with ultra bright touch display; grip handle included; built-in no-fly zones,89999,Besties,89999,1,7c25e72a40fb48c694fb84c956b5aaf4,15,"camera drones,drones,drones & drone accessories,toys & collectibles",1,FALSE,2023-03-10T10:33:25.74Z
10064,USD,1,2018-08-15T15:56:31Z,,2022-11-14T03:13:31Z,1525149073526,https://violet-besties.myshopify.com/products/gopro-karma-quadcopter-with-hero6-black-white,Unmanned_Aerial_Vehicles,FALSE,,0,GoPro - Karma Quadcopter with HERO6 Black - White,TRUE,GoPro,10000,,TRUE,Ultra portable; includes GoPro HERO6 Black and detachable camera stabilizer; flying range up to 3280 ft; game-style controller with ultra bright touch display; grip handle included; built-in no-fly zones,84999,Besties,84999,1,0ff55c5cda7447118d6ae1c8395f8f11,15,"camera drones,drones,drones & drone accessories,toys & collectibles",1,FALSE,2023-03-10T10:33:25.74Z
10062,USD,1,2018-08-15T15:56:31Z,,2022-11-14T03:13:33Z,1525144420470,https://violet-besties.myshopify.com/products/gopro-karma-quadcopter-with-harness-for-hero5-black-and-hero6-black-black-white,Unmanned_Aerial_Vehicles,FALSE,,0,GoPro - Karma Quadcopter with Harness for HERO5 Black and HERO6 Black - Black/White,TRUE,GoPro,10000,,TRUE,Capture smooth footage in the air with GoPro; 3280ft operating range; Karma Controller included; control camera from smartphone with GoPro Passenger App,59999,Besties,59999,1,b754f3335097473eaba90338da6e2da4,15,"camera drones,drones,drones & drone accessories,toys & collectibles",1,FALSE,2023-03-10T10:33:25.74Z
10060,USD,1,2018-08-15T15:56:31Z,,2022-11-14T03:13:34Z,1525141012598,https://violet-besties.myshopify.com/products/ehang-ghostdrone-2-0-vr-drone-android-compatible-white-blue,Unmanned_Aerial_Vehicles,FALSE,,0,EHANG - Ghostdrone 2.0 VR Drone (Android Compatible) - White/Blue,TRUE,EHANG,10000,,TRUE,"Head-tracking EHANG VR Googles; no training needed; built-in camera captures 4K video and 12.M photo; up to 3,280 feet operating range; remote control via Android devices; EHANG Play App",89999,Besties,89999,1,676c4c2e077140abbd7284a61be43a48,15,"camera drones,drones,drones & drone accessories,toys & collectibles",1,FALSE,2023-03-10T10:33:25.74Z
